task,response_operator,estimate,boot_ci_lower,boot_ci_upper
lowercase_identification,identity,0.15730454433381436,0.06945362390707381,0.24089518277988553
lowercase_identification,left_right_reflection,-0.07481449793438322,-0.14264635813862692,-0.0030286912989986752
lowercase_identification,rotation_180,-0.08249004639943111,-0.13012369884932531,-0.03164734523923605
mirror,identity,-0.0975693029299927,-0.1650699897165193,-0.03526162289592357
mirror,left_right_reflection,0.2106486414615284,0.11947198931015812,0.3018853493085725
mirror,rotation_180,-0.11307933853153564,-0.18293401206155002,-0.045212427315043414
rotation,left_right_reflection,-0.28016215109269266,-0.3771105481061282,-0.18666982712686817
rotation,rotation_180,0.16884166920916072,0.07058865687610616,0.26737228975243127
rotation,top_bottom_reflection,0.11132048188353194,0.012266984084554351,0.21231990092356534
