task,grade,response_operator,obs_prob,est_prob
lowercase_identification,1,identity,0.686046511627907,0.6944003728062499
lowercase_identification,1,left_right_reflection,0.18604651162790695,0.19061089895818517
lowercase_identification,1,rotation_180,0.12790697674418605,0.11498872823556491
lowercase_identification,2,identity,0.6296296296296297,0.6283180385095837
lowercase_identification,2,left_right_reflection,0.26851851851851855,0.26578486257356776
lowercase_identification,2,rotation_180,0.10185185185185185,0.1058970989168486
lowercase_identification,3,identity,0.8359375,0.834785053212026
lowercase_identification,3,left_right_reflection,0.140625,0.13901235042673377
lowercase_identification,3,rotation_180,0.0234375,0.02620259636124027
lowercase_identification,4,identity,0.8214285714285714,0.8490349923416423
lowercase_identification,4,left_right_reflection,0.15476190476190477,0.1391744216926205
lowercase_identification,4,rotation_180,0.0238095238095238,0.01179058596573728
lowercase_identification,5,identity,0.8157894736842105,0.813259843291341
lowercase_identification,5,left_right_reflection,0.14473684210526316,0.14247822384797074
lowercase_identification,5,rotation_180,0.03947368421052631,0.0442619328606882
mirror,1,left_right_reflection,0.6918604651162791,0.7052408906083429
mirror,1,identity,0.1744186046511628,0.1635492765930505
mirror,1,rotation_180,0.13372093023255813,0.13120983279860654
mirror,2,left_right_reflection,0.6759259259259259,0.6606369291757563
mirror,2,identity,0.12962962962962962,0.13689877480664764
mirror,2,rotation_180,0.19444444444444445,0.20246429601759608
mirror,3,left_right_reflection,0.90625,0.9036078187114784
mirror,3,identity,0.0625,0.06523353154702016
mirror,3,rotation_180,0.03125,0.03115864974150146
mirror,4,left_right_reflection,0.9047619047619048,0.9041806572410922
mirror,4,identity,0.05952380952380952,0.05948471940081646
mirror,4,rotation_180,0.03571428571428571,0.03633462335809134
mirror,5,left_right_reflection,0.881578947368421,0.876420018737777
mirror,5,identity,0.03947368421052631,0.04225626070331964
mirror,5,rotation_180,0.07894736842105263,0.08132372055890336
rotation,1,rotation_180,0.20930232558139536,0.2541538256054128
rotation,1,left_right_reflection,0.3953488372093023,0.39780714659795446
rotation,1,top_bottom_reflection,0.3953488372093023,0.34803902779663276
rotation,2,rotation_180,0.28703703703703703,0.2542872841466926
rotation,2,left_right_reflection,0.32407407407407407,0.3195474750737619
rotation,2,top_bottom_reflection,0.3888888888888889,0.4261652407795455
rotation,3,rotation_180,0.4921875,0.44018024694911784
rotation,3,left_right_reflection,0.0234375,0.02270682883013656
rotation,3,top_bottom_reflection,0.484375,0.5371129242207456
rotation,4,rotation_180,0.380952380952381,0.42328235798899894
rotation,4,left_right_reflection,0.16666666666666666,0.15139824709210706
rotation,4,top_bottom_reflection,0.4523809523809524,0.425319394918894
rotation,5,rotation_180,0.4473684210526316,0.3891567028480403
rotation,5,left_right_reflection,0.11842105263157894,0.1112129176900626
rotation,5,top_bottom_reflection,0.4342105263157895,0.4996303794618971
